[
  {
    "id": 12,
    "user_id": "123456789",
    "mechanic_id": "5555555555",
    "mechanic_name": "Ahmed Hassan",
    "problem": "Battery replacement",
    "status": "completed",
    "completed_at": "2025-12-01T14:45:00Z",
    "review": null,
    "rating": null
  },
  {
    "id": 1733311000001,
    "user_id": "20010023456789",
    "mechanic_id": "30020098765432",
    "mechanic_name": "Ahmed Khaled",
    "status": "done",
    "created_at": "2025-12-04T12:00:00Z",
    "completed_at": "2025-12-04T12:30:40Z"
  },
  {
    "id": 1733311000002,
    "user_id": "20010023456789",
    "mechanic_id": "30020012345678",
    "mechanic_name": "Omar Hassan",
    "status": "rejected",
    "created_at": "2025-12-04T13:22:10Z",
    "completed_at": "2025-12-04T13:40:12Z"
  },
  {
    "id": 1,
    "user_id": "1234567890",
    "mechanic_name": "Ahmed Hassan",
    "problem": "Car battery dead",
    "completed_at": "2025-12-02T15:30:00Z",
    "review": "Quick and professional service!",
    "rating": 5
  },
  {
    "id": 2,
    "user_id": "1234567890",
    "mechanic_name": "Sara Ali",
    "problem": "Flat tire",
    "completed_at": "2025-11-28T10:00:00Z",
    "review": null,
    "rating": null
  },
  {
    "id": 3,
    "user_id": "9876543210",
    "mechanic_name": "Mohamed Salah",
    "problem": "Engine overheating",
    "completed_at": "2025-12-01T12:00:00Z",
    "review": "Very helpful",
    "rating": 4
  },
  {
    "id": "1764876564832",
    "user_id": "123456789",
    "user_name": "Zeyad Mohamed Ahmed Ahmed Refaey",
    "user_phone": "01026887363",
    "vehicle": "Mercedes Benz",
    "user_location": "30.4252304,31.5564036",
    "mechanic_id": "1111111111",
    "mechanic_name": "Yazeed Mohamed",
    "problem": "qwertfdsazxcv",
    "offered_payment": 2000,
    "state": "ended",
    "created_at": "2025-12-04T19:29:24.835Z",
    "review": "",
    "rating": 5,
    "completed_at": "2025-12-04T20:42:15.867Z"
  },
  {
    "id": "1764881494127",
    "user_id": "123456789",
    "user_name": "Zeyad Mohamed Ahmed Ahmed Refaey",
    "user_phone": "01026887363",
    "mechanic_id": "1111111111",
    "vehicle": "Mercedes Benz",
    "problem": "weldme",
    "offered_payment": "3333",
    "location": "0,0",
    "created_at": "2025-12-04T20:51:34.127Z",
    "state": "ended",
    "review": "",
    "rating": 5,
    "completed_at": "2025-12-04T20:52:04.144Z"
  },
  {
    "id": "1764907099293",
    "user_id": "987654321",
    "user_name": "Menna Mohamed",
    "user_phone": "01149887565",
    "mechanic_id": "3333333333",
    "mechanic_name": "Mrwan musa",
    "vehicle": "Lanser",
    "problem": "qaz w sx e d rfv tg y hn jyjhrntyn",
    "offered_payment": "3000",
    "location": "0,0",
    "created_at": "2025-12-05T03:58:19.293Z",
    "state": "ended",
    "review": "",
    "rating": 5,
    "completed_at": "2025-12-05T04:00:43.707Z"
  },
  {
    "id": "1764906884732",
    "user_id": "123456789",
    "user_name": "Zeyad Mohamed Ahmed Ahmed Refaey",
    "user_phone": "01026887363",
    "mechanic_id": "1111111111",
    "mechanic_name": "Yazeed Mohamed",
    "vehicle": "Mercedes Benz",
    "problem": "qazwsx edcrfv tgb tyhn",
    "offered_payment": "1000",
    "location": "0,0",
    "created_at": "2025-12-05T03:54:44.732Z",
    "state": "ended",
    "review": "",
    "rating": 5,
    "completed_at": "2025-12-05T04:01:12.663Z"
  }
]