[
  {
    "name": "Yazeed Mohamed",
    "phone": "01027883453",
    "national_id": "1111111111",
    "vehicle_type": "Kia 4 gt line",
    "type": "mechanic",
    "age": "18",
    "email": "yazeed@gmail.com",
    "password": "qwertyuiop",
    "location": "30.42512733674681,31.556326718818642",
    "photo": "/images/mechanics/1111111111.jpg",
    "created_at": "2025-12-04T17:17:01.742Z"
  },
  {
    "name": "Ahmed Amer",
    "phone": "01226886454",
    "national_id": "2222222222",
    "vehicle_type": "GAC Embaw",
    "type": "mechanic",
    "age": "22",
    "email": "ahmed@gmail.com",
    "password": "oiuytrewq",
    "location": "0,0",
    "photo": "/images/mechanics/2222222222.jpg",
    "created_at": "2025-12-04T17:18:30.621Z"
  },
  {
    "name": "Mrwan musa",
    "phone": "01083447565",
    "national_id": "3333333333",
    "vehicle_type": "MG 7",
    "type": "mechanic",
    "age": "24",
    "email": "mrwan@gmail.com",
    "password": "asdfghjkl",
    "location": "30.42511025787015,31.55630693097425",
    "photo": "/images/mechanics/3333333333.png",
    "created_at": "2025-12-04T17:20:50.041Z"
  },
  {
    "name": "Ahmed Ali",
    "phone": "0123456789",
    "national_id": "30001010123456",
    "vehicle_type": "All Types",
    "type": "mechanic",
    "age": "35",
    "email": "ahmed@mechanic.com",
    "password": "123456",
    "location": "30.0444,31.2357",
    "photo": "/images/mechanics/30001010123456.jpg",
    "created_at": "2025-12-04T10:00:00.000Z"
  }
]