[
  {
    "name": "Zeyad Mohamed Ahmed Ahmed Refaey",
    "phone": "01026887363",
    "national_id": "123456789",
    "vehicle_type": "Mercedes Benz",
    "type": "user",
    "age": "20",
    "email": "zeyad.mo.refaey@gmail.com",
    "password": "qazwsxedc",
    "location": "30.4252454,31.5563882",
    "photo": "/images/users/123456789.png",
    "created_at": "2025-12-04T17:21:34.920Z"
  },
  {
    "name": "Menna Mohamed",
    "phone": "01149887565",
    "national_id": "987654321",
    "vehicle_type": "Lanser",
    "type": "user",
    "age": "19",
    "email": "Menna@gmail.com",
    "password": "zxcvbnm,",
    "location": "30.4119808,31.555584",
    "photo": "/images/users/987654321.jpg",
    "created_at": "2025-12-05T03:56:52.266Z"
  }
]